{
  "accuracy": 0.7537260468417317,
  "precision": 0.5245009074410163,
  "recall": 0.7727272727272727,
  "f1": 0.6248648648648648,
  "roc_auc": 0.8374331550802139
}